bgc_id,name,C,H,O,base_status,generability_class,forward_verdict,formula_feasible,in_range,bucket_size_approx,recovered_program
BGC0000003,AF-toxin,22,32,9,too_large,coverage-limited-structural,inconclusive-budget,True,False,0,
BGC0000004,aflatoxin G1,17,12,7,unreachable,coverage-limited-formula,formula-infeasible,False,True,0,
BGC0000005,aflatoxin,17,12,7,unreachable,coverage-limited-formula,formula-infeasible,False,True,0,
BGC0000006,aflatoxin B1,17,12,6,unreachable,coverage-limited-formula,formula-infeasible,False,True,0,
BGC0000007,aflatoxin G1,17,12,7,unreachable,coverage-limited-formula,formula-infeasible,False,True,0,
BGC0000008,aflatoxin B1,17,12,6,unreachable,coverage-limited-formula,formula-infeasible,False,True,0,
BGC0000009,aflatoxin B1,17,12,6,unreachable,coverage-limited-formula,formula-infeasible,False,True,0,
BGC0000010,aflatoxin,17,12,7,unreachable,coverage-limited-formula,formula-infeasible,False,True,0,
BGC0000011,Sterigmatocystin,18,12,6,unreachable,coverage-limited-structural,sound-structural-gap,True,True,0,
BGC0000012,alternapyrone,28,44,3,too_large,coverage-limited-structural,inconclusive-budget,True,False,0,
BGC0000013,alternariol,14,10,5,unreachable,coverage-limited-structural,sound-structural-gap,True,True,0,
BGC0000022,asperfuranone,19,24,5,unreachable,coverage-limited-structural,sound-structural-gap,True,True,24621,
BGC0000027,ankaflavin,23,30,5,too_large,coverage-limited-structural,inconclusive-budget,True,False,0,
BGC0000030,bikaverin,20,14,8,unreachable,coverage-limited-formula,formula-infeasible,False,True,0,
BGC0000039,compactin,23,36,6,too_large,coverage-limited-structural,inconclusive-budget,True,False,0,
BGC0000045,dehydrocurvularin,16,18,5,unreachable,coverage-limited-structural,sound-structural-gap,True,True,230,
BGC0000046,depudecin,11,16,4,unreachable,coverage-limited-structural,sound-structural-gap,True,True,204,
BGC0000048,dothistromin,18,12,9,unreachable,coverage-limited-formula,formula-infeasible,False,True,0,
BGC0000057,F9775A,21,16,8,too_large,coverage-limited-formula,formula-infeasible,False,False,0,
BGC0000076,hypothemycin,19,22,8,unreachable,coverage-limited-structural,sound-structural-gap,True,True,892,
BGC0000077,hypothemycin,19,22,8,unreachable,coverage-limited-structural,sound-structural-gap,True,True,892,
BGC0000088,lovastatin,24,36,5,too_large,coverage-limited-structural,inconclusive-budget,True,False,0,
BGC0000089,lovastatin,24,36,5,too_large,coverage-limited-structural,inconclusive-budget,True,False,0,
BGC0000098,monacolin K,24,36,5,too_large,coverage-limited-structural,inconclusive-budget,True,False,0,
BGC0000099,monascorubrin,23,26,5,too_large,coverage-limited-structural,inconclusive-budget,True,False,0,
BGC0000101,emodin,15,10,5,unreachable,coverage-limited-formula,formula-infeasible,False,True,0,
BGC0000104,mycophenolic acid,17,20,6,unreachable,coverage-limited-structural,sound-structural-gap,True,True,1256,
BGC0000120,patulin,7,6,4,unreachable,coverage-limited-formula,formula-infeasible,False,True,0,
BGC0000146,solanapyrone D,18,22,4,unreachable,coverage-limited-structural,sound-structural-gap,True,True,4724,
BGC0000152,sterigmatocystin,18,12,6,unreachable,coverage-limited-structural,sound-structural-gap,True,True,0,
BGC0000154,stipitatic acid,8,6,5,unreachable,coverage-limited-formula,formula-infeasible,False,True,0,
BGC0000155,T-toxin,41,68,13,too_large,coverage-limited-structural,inconclusive-budget,True,False,0,
BGC0000156,TAN-1612,21,18,9,too_large,coverage-limited-formula,formula-infeasible,False,False,0,
BGC0000160,terreic acid,7,6,4,unreachable,coverage-limited-formula,formula-infeasible,False,True,0,
BGC0000161,isoterrein,8,10,3,unreachable,coverage-limited-structural,sound-structural-gap,True,True,9,
BGC0000170,yanuthone D,28,38,8,too_large,coverage-limited-structural,inconclusive-budget,True,False,0,
BGC0000684,asperthecin,15,10,8,unreachable,coverage-limited-formula,formula-infeasible,False,True,0,
BGC0001057,zearalenone,18,22,5,unreachable,coverage-limited-structural,recovered,True,True,6802,"Program(starter='acetyl', cycles=(Cycle(reduction=<ReductionState.KR: 'kr'>, c_methyl=False, extender=<Extender.MALONYL: 'malonyl'>), Cycle(reduction=<ReductionState.ER: 'er'>, c_methyl=False, extender=<Extender.MALONYL: 'malonyl'>), Cycle(reduction=<ReductionState.KETO: 'keto'>, c_methyl=False, extender=<Extender.MALONYL: 'malonyl'>), Cycle(reduction=<ReductionState.ER: 'er'>, c_methyl=False, extender=<Extender.MALONYL: 'malonyl'>), Cycle(reduction=<ReductionState.DH: 'dh'>, c_methyl=False, extender=<Extender.MALONYL: 'malonyl'>), Cycle(reduction=<ReductionState.KETO: 'keto'>, c_methyl=False, extender=<Extender.MALONYL: 'malonyl'>), Cycle(reduction=<ReductionState.KETO: 'keto'>, c_methyl=False, extender=<Extender.MALONYL: 'malonyl'>), Cycle(reduction=<ReductionState.KETO: 'keto'>, c_methyl=False, extender=<Extender.MALONYL: 'malonyl'>)), release=<Release.RESORCYLIC_MACROLACTONE: 'resorcylic_macrolactone'>)"
BGC0001067,Fumagillin,26,34,7,too_large,coverage-limited-structural,inconclusive-budget,True,False,0,
BGC0001118,endocrocin,16,10,7,unreachable,coverage-limited-formula,formula-infeasible,False,True,0,
BGC0001121,orsellinic acid,8,8,4,reachable,,recovered,True,True,1,"Program(starter='acetyl', cycles=(Cycle(reduction=<ReductionState.KETO: 'keto'>, c_methyl=False, extender=<Extender.MALONYL: 'malonyl'>), Cycle(reduction=<ReductionState.KETO: 'keto'>, c_methyl=False, extender=<Extender.MALONYL: 'malonyl'>), Cycle(reduction=<ReductionState.KETO: 'keto'>, c_methyl=False, extender=<Extender.MALONYL: 'malonyl'>)), release=<Release.ALDOL_AROMATIC: 'aldol_aromatic'>)"
BGC0001141,4-epi-15-epi-brefeldin A,16,24,4,unreachable,coverage-limited-structural,sound-structural-gap,True,True,11536,
BGC0001143,azanigerone A,19,22,7,unreachable,coverage-limited-structural,sound-structural-gap,True,True,2376,
BGC0001144,neosartoricin B,24,26,8,too_large,coverage-limited-structural,inconclusive-budget,True,False,0,
BGC0001158,bikaverin,20,14,8,unreachable,coverage-limited-formula,formula-infeasible,False,True,0,
BGC0001219,shanorellin,9,10,4,unreachable,coverage-limited-structural,sound-structural-gap,True,True,1,
BGC0001242,oxyjavanicin,15,14,7,unreachable,coverage-limited-formula,formula-infeasible,False,True,0,
BGC0001243,botryenalol,17,26,4,unreachable,coverage-limited-structural,sound-structural-gap,True,True,24708,
BGC0001244,(-)-Mellein,10,10,3,reachable,,recovered,True,True,1,"Program(starter='acetyl', cycles=(Cycle(reduction=<ReductionState.KR: 'kr'>, c_methyl=False, extender=<Extender.MALONYL: 'malonyl'>), Cycle(reduction=<ReductionState.KETO: 'keto'>, c_methyl=False, extender=<Extender.MALONYL: 'malonyl'>), Cycle(reduction=<ReductionState.KR: 'kr'>, c_methyl=False, extender=<Extender.MALONYL: 'malonyl'>), Cycle(reduction=<ReductionState.KETO: 'keto'>, c_methyl=False, extender=<Extender.MALONYL: 'malonyl'>)), release=<Release.DIHYDROISOCOUMARIN: 'dihydroisocoumarin'>)"
BGC0001245,lasiodiplodin,17,24,4,unreachable,coverage-limited-structural,sound-structural-gap,True,True,18508,
BGC0001246,trans-resorcylide,16,18,5,unreachable,coverage-limited-structural,recovered,True,True,230,"Program(starter='acetyl', cycles=(Cycle(reduction=<ReductionState.KR: 'kr'>, c_methyl=False, extender=<Extender.MALONYL: 'malonyl'>), Cycle(reduction=<ReductionState.ER: 'er'>, c_methyl=False, extender=<Extender.MALONYL: 'malonyl'>), Cycle(reduction=<ReductionState.DH: 'dh'>, c_methyl=False, extender=<Extender.MALONYL: 'malonyl'>), Cycle(reduction=<ReductionState.KETO: 'keto'>, c_methyl=False, extender=<Extender.MALONYL: 'malonyl'>), Cycle(reduction=<ReductionState.KETO: 'keto'>, c_methyl=False, extender=<Extender.MALONYL: 'malonyl'>), Cycle(reduction=<ReductionState.KETO: 'keto'>, c_methyl=False, extender=<Extender.MALONYL: 'malonyl'>), Cycle(reduction=<ReductionState.KETO: 'keto'>, c_methyl=False, extender=<Extender.MALONYL: 'malonyl'>)), release=<Release.RESORCYLIC_MACROLACTONE: 'resorcylic_macrolactone'>)"
BGC0001247,cercosporin,29,26,10,too_large,coverage-limited-structural,inconclusive-budget,True,False,0,
BGC0001252,UNII-YC2Q1O94PT,19,30,6,unreachable,coverage-limited-structural,sound-structural-gap,True,True,119154,
BGC0001257,"1,3,6,8-tetrahydroxynaphthalene",10,8,4,unreachable,coverage-limited-structural,sound-structural-gap,True,True,0,
BGC0001258,"1,3,6,8-tetrahydroxynaphthalene",10,8,4,unreachable,coverage-limited-structural,sound-structural-gap,True,True,0,
BGC0001259,elsinochrome A,30,24,10,too_large,coverage-limited-structural,inconclusive-budget,True,False,0,
BGC0001264,betaenone A,21,34,5,too_large,coverage-limited-structural,inconclusive-budget,True,False,0,
BGC0001266,grayanic acid,23,26,7,too_large,coverage-limited-structural,inconclusive-budget,True,False,0,
BGC0001269,gibberellin A3,19,22,6,unreachable,coverage-limited-structural,sound-structural-gap,True,True,3714,
BGC0001270,gibberellin A7,19,22,5,unreachable,coverage-limited-structural,sound-structural-gap,True,True,3466,
BGC0001271,emericellin,25,28,5,too_large,coverage-limited-structural,inconclusive-budget,True,False,0,
BGC0001272,elsinochrome B,30,26,10,too_large,coverage-limited-structural,inconclusive-budget,True,False,0,
BGC0001273,asperlactone,9,12,4,unreachable,coverage-limited-structural,sound-structural-gap,True,True,24,
BGC0001275,6-methylsalicyclic acid,8,8,3,reachable,,recovered,True,True,1,"Program(starter='acetyl', cycles=(Cycle(reduction=<ReductionState.KETO: 'keto'>, c_methyl=False, extender=<Extender.MALONYL: 'malonyl'>), Cycle(reduction=<ReductionState.KR: 'kr'>, c_methyl=False, extender=<Extender.MALONYL: 'malonyl'>), Cycle(reduction=<ReductionState.KETO: 'keto'>, c_methyl=False, extender=<Extender.MALONYL: 'malonyl'>)), release=<Release.ALDOL_AROMATIC: 'aldol_aromatic'>)"
BGC0001276,6-methylsalicyclic acid,8,8,3,reachable,,recovered,True,True,1,"Program(starter='acetyl', cycles=(Cycle(reduction=<ReductionState.KETO: 'keto'>, c_methyl=False, extender=<Extender.MALONYL: 'malonyl'>), Cycle(reduction=<ReductionState.KR: 'kr'>, c_methyl=False, extender=<Extender.MALONYL: 'malonyl'>), Cycle(reduction=<ReductionState.KETO: 'keto'>, c_methyl=False, extender=<Extender.MALONYL: 'malonyl'>)), release=<Release.ALDOL_AROMATIC: 'aldol_aromatic'>)"
BGC0001280,betaenone C,21,34,5,too_large,coverage-limited-structural,inconclusive-budget,True,False,0,
BGC0001281,ustilagic acid,36,64,18,too_large,coverage-limited-structural,inconclusive-budget,True,False,0,
BGC0001304,aflavarin,24,22,9,too_large,coverage-limited-structural,inconclusive-budget,True,False,0,
BGC0001305,fujikurin B,12,18,5,unreachable,coverage-limited-structural,sound-structural-gap,True,True,262,
BGC0001309,usnic acid,18,16,7,unreachable,coverage-limited-structural,sound-structural-gap,True,True,0,
BGC0001338,citrinin,13,14,5,unreachable,coverage-limited-structural,sound-structural-gap,True,True,6,
BGC0001339,squalestatin S1,35,46,13,too_large,coverage-limited-structural,inconclusive-budget,True,False,0,
BGC0001340,byssochlamic acid,18,20,6,unreachable,coverage-limited-structural,sound-structural-gap,True,True,544,
BGC0001373,sordarin,27,40,8,too_large,coverage-limited-structural,inconclusive-budget,True,False,0,
BGC0001385,byssochlamic acid,18,20,6,unreachable,coverage-limited-structural,sound-structural-gap,True,True,544,
BGC0001390,LL-Z1272beta,23,32,3,too_large,coverage-limited-structural,inconclusive-budget,True,False,0,
BGC0001400,citreoviridin,23,30,6,too_large,coverage-limited-structural,inconclusive-budget,True,False,0,
BGC0001401,melleolide F,23,30,6,too_large,coverage-limited-structural,inconclusive-budget,True,False,0,
BGC0001403,trypacidin,18,16,7,unreachable,coverage-limited-structural,sound-structural-gap,True,True,0,
BGC0001404,sorbicillin,14,16,3,unreachable,coverage-limited-structural,sound-structural-gap,True,True,36,
BGC0001446,asparasone A,18,14,8,unreachable,coverage-limited-formula,formula-infeasible,False,True,0,
BGC0001450,macrophorin A,22,32,4,too_large,coverage-limited-structural,inconclusive-budget,True,False,0,
BGC0001489,6-hydroxymellein,10,10,4,reachable,,recovered,True,True,1,"Program(starter='acetyl', cycles=(Cycle(reduction=<ReductionState.KR: 'kr'>, c_methyl=False, extender=<Extender.MALONYL: 'malonyl'>), Cycle(reduction=<ReductionState.KETO: 'keto'>, c_methyl=False, extender=<Extender.MALONYL: 'malonyl'>), Cycle(reduction=<ReductionState.KETO: 'keto'>, c_methyl=False, extender=<Extender.MALONYL: 'malonyl'>), Cycle(reduction=<ReductionState.KETO: 'keto'>, c_methyl=False, extender=<Extender.MALONYL: 'malonyl'>)), release=<Release.DIHYDROISOCOUMARIN: 'dihydroisocoumarin'>)"
BGC0001508,andrastin A,28,38,7,too_large,coverage-limited-structural,inconclusive-budget,True,False,0,
BGC0001541,cercosporin,29,26,10,too_large,coverage-limited-structural,inconclusive-budget,True,False,0,
BGC0001542,cercosporin,29,26,10,too_large,coverage-limited-structural,inconclusive-budget,True,False,0,
BGC0001557,cornexistin,16,20,6,unreachable,coverage-limited-structural,sound-structural-gap,True,True,1470,
BGC0001578,duclauxin,29,22,11,too_large,coverage-limited-formula,formula-infeasible,False,False,0,
BGC0001600,fusarielin H,25,38,3,too_large,coverage-limited-structural,inconclusive-budget,True,False,0,
BGC0001606,gibepyrone-A,10,12,2,unreachable,coverage-limited-structural,sound-structural-gap,True,True,5,
BGC0001677,mycophenolic acid,17,20,6,unreachable,coverage-limited-structural,sound-structural-gap,True,True,1256,
BGC0001708,novofumigatonin,25,32,8,too_large,coverage-limited-structural,inconclusive-budget,True,False,0,
BGC0001720,oosporein,14,10,8,unreachable,coverage-limited-formula,formula-infeasible,False,True,0,
BGC0001729,paraherquonin,24,28,7,too_large,coverage-limited-structural,inconclusive-budget,True,False,0,
BGC0001749,epipyriculol,14,16,4,unreachable,coverage-limited-structural,sound-structural-gap,True,True,83,
BGC0001827,xenovulene A,22,30,4,too_large,coverage-limited-structural,inconclusive-budget,True,False,0,
BGC0001865,elsinochrome C,30,28,10,too_large,coverage-limited-structural,inconclusive-budget,True,False,0,
BGC0001866,viriditoxin,34,30,14,too_large,coverage-limited-structural,inconclusive-budget,True,False,0,
BGC0001886,Secalonic acid B,32,30,14,too_large,coverage-limited-structural,inconclusive-budget,True,False,0,
BGC0001899,abscisic acid,15,20,4,unreachable,coverage-limited-structural,sound-structural-gap,True,True,2708,
BGC0001906,"2-acetyl-1,3,6,8-tetrahydroxynaphthalene",12,10,5,unreachable,coverage-limited-structural,sound-structural-gap,True,True,0,
BGC0001909,strobilurin A,16,18,3,unreachable,coverage-limited-structural,sound-structural-gap,True,True,49,
BGC0001913,phomoidride,31,38,10,too_large,coverage-limited-structural,inconclusive-budget,True,False,0,
BGC0001926,chrodrimanin B,25,30,7,too_large,coverage-limited-structural,inconclusive-budget,True,False,0,
BGC0001988,neosartorin,34,32,15,too_large,coverage-limited-structural,inconclusive-budget,True,False,0,
BGC0002030,viriditoxin,34,30,14,too_large,coverage-limited-structural,inconclusive-budget,True,False,0,
BGC0002062,agnestin A,15,12,6,unreachable,coverage-limited-formula,formula-infeasible,False,True,0,
BGC0002063,cryptosporioptide B,38,34,18,too_large,coverage-limited-formula,formula-infeasible,False,False,0,
BGC0002065,strobilurin A,16,18,3,unreachable,coverage-limited-structural,sound-structural-gap,True,True,49,
BGC0002139,burnettiene A,32,42,7,too_large,coverage-limited-structural,inconclusive-budget,True,False,0,
BGC0002154,"1,3,5,8-tetrahydroxynapthalene",10,8,4,unreachable,coverage-limited-structural,sound-structural-gap,True,True,0,
BGC0002155,nectriapyrone C,11,14,4,unreachable,coverage-limited-structural,sound-structural-gap,True,True,92,
BGC0002161,scytalone,10,10,4,unreachable,coverage-limited-structural,sound-structural-gap,True,True,1,
BGC0002165,betaenone C,21,34,5,too_large,coverage-limited-structural,inconclusive-budget,True,False,0,
BGC0002168,decumbenone a,16,24,4,unreachable,coverage-limited-structural,sound-structural-gap,True,True,11536,
BGC0002170,4-methyl-5-dimethyltetradecahexaene-β-ketolactone,22,28,3,too_large,coverage-limited-structural,inconclusive-budget,True,False,0,
BGC0002175,YWA1,14,12,6,unreachable,coverage-limited-structural,sound-structural-gap,True,True,0,
BGC0002177,ustilaginoidin N,29,22,10,too_large,coverage-limited-formula,formula-infeasible,False,False,0,
BGC0002180,(+)-asperlin,10,12,5,unreachable,coverage-limited-structural,sound-structural-gap,True,True,9,
BGC0002185,gregatin A,16,20,4,unreachable,coverage-limited-structural,sound-structural-gap,True,True,2185,
BGC0002190,sorbicillin,14,16,3,unreachable,coverage-limited-structural,sound-structural-gap,True,True,36,
BGC0002191,prolipyrone B,10,10,5,unreachable,coverage-limited-structural,sound-structural-gap,True,True,1,
BGC0002192,FR901512,21,28,6,too_large,coverage-limited-structural,inconclusive-budget,True,False,0,
BGC0002194,epipyrone A,34,44,10,too_large,coverage-limited-structural,inconclusive-budget,True,False,0,
BGC0002197,terrestric acid,11,14,4,unreachable,coverage-limited-structural,sound-structural-gap,True,True,92,
BGC0002200,aurovertin E,23,30,7,too_large,coverage-limited-structural,inconclusive-budget,True,False,0,
BGC0002206,harziphilone,15,18,4,unreachable,coverage-limited-structural,sound-structural-gap,True,True,546,
BGC0002209,ustethylin A,11,14,5,unreachable,coverage-limited-structural,sound-structural-gap,True,True,42,
BGC0002212,Orsellinic acid,8,8,4,reachable,,recovered,True,True,1,"Program(starter='acetyl', cycles=(Cycle(reduction=<ReductionState.KETO: 'keto'>, c_methyl=False, extender=<Extender.MALONYL: 'malonyl'>), Cycle(reduction=<ReductionState.KETO: 'keto'>, c_methyl=False, extender=<Extender.MALONYL: 'malonyl'>), Cycle(reduction=<ReductionState.KETO: 'keto'>, c_methyl=False, extender=<Extender.MALONYL: 'malonyl'>)), release=<Release.ALDOL_AROMATIC: 'aldol_aromatic'>)"
BGC0002222,zopfiellin,21,26,7,too_large,coverage-limited-structural,inconclusive-budget,True,False,0,
BGC0002223,scytalidin,22,28,7,too_large,coverage-limited-structural,inconclusive-budget,True,False,0,
BGC0002224,zopfiellin,21,26,7,too_large,coverage-limited-structural,inconclusive-budget,True,False,0,
BGC0002233,trichoxide,18,26,4,unreachable,coverage-limited-structural,sound-structural-gap,True,True,43474,
BGC0002234,flavoglaucin,19,28,3,unreachable,coverage-limited-structural,sound-structural-gap,True,True,50326,
BGC0002235,"12,13-dihydroxymagnaporthepyrone",16,20,5,unreachable,coverage-limited-structural,sound-structural-gap,True,True,2425,
BGC0002236,8-methyldiaporthin,14,16,5,unreachable,coverage-limited-structural,sound-structural-gap,True,True,95,
BGC0002238,"2,4'-dihydroxy-3'-methoxypropiophenone",10,12,4,unreachable,coverage-limited-structural,sound-structural-gap,True,True,19,
BGC0002240,BAB,12,16,3,reachable,,recovered,True,True,245,"Program(starter='acetyl', cycles=(Cycle(reduction=<ReductionState.DH: 'dh'>, c_methyl=False, extender=<Extender.MALONYL: 'malonyl'>), Cycle(reduction=<ReductionState.KR: 'kr'>, c_methyl=False, extender=<Extender.MALONYL: 'malonyl'>), Cycle(reduction=<ReductionState.DH: 'dh'>, c_methyl=False, extender=<Extender.MALONYL: 'malonyl'>), Cycle(reduction=<ReductionState.DH: 'dh'>, c_methyl=False, extender=<Extender.MALONYL: 'malonyl'>), Cycle(reduction=<ReductionState.DH: 'dh'>, c_methyl=False, extender=<Extender.MALONYL: 'malonyl'>)), release=<Release.HYDROLYSIS: 'hydrolysis'>)"
BGC0002241,ywa1,14,12,6,unreachable,coverage-limited-structural,sound-structural-gap,True,True,0,
BGC0002243,biruloquinone,17,10,7,unreachable,coverage-limited-formula,formula-infeasible,False,True,0,
BGC0002244,pestalotiollide B,21,22,7,too_large,coverage-limited-structural,inconclusive-budget,True,False,0,
BGC0002249,phaeospelide A,34,50,8,too_large,coverage-limited-structural,inconclusive-budget,True,False,0,
BGC0002255,lijiquinone,23,26,5,too_large,coverage-limited-structural,inconclusive-budget,True,False,0,
BGC0002257,rufoschweinitzin,30,30,8,too_large,coverage-limited-structural,inconclusive-budget,True,False,0,
BGC0002258,shimalactone A,29,40,4,too_large,coverage-limited-structural,inconclusive-budget,True,False,0,
BGC0002262,sporothriolide,13,18,4,unreachable,coverage-limited-structural,sound-structural-gap,True,True,843,
BGC0002263,spiromarmycin,19,24,6,unreachable,coverage-limited-structural,sound-structural-gap,True,True,21220,
BGC0002265,atranorin,19,18,8,unreachable,coverage-limited-structural,sound-structural-gap,True,True,0,
BGC0002266,calidoustene A,21,28,6,too_large,coverage-limited-structural,inconclusive-budget,True,False,0,
BGC0002427,subglutinol A,27,38,4,too_large,coverage-limited-structural,inconclusive-budget,True,False,0,
BGC0002428,FDDP-D,29,42,7,too_large,coverage-limited-structural,inconclusive-budget,True,False,0,
BGC0002429,higginsianin B,27,40,4,too_large,coverage-limited-structural,inconclusive-budget,True,False,0,
BGC0002483,usnic acid,18,16,7,unreachable,coverage-limited-structural,sound-structural-gap,True,True,0,
BGC0002507,sporandol,28,26,8,too_large,coverage-limited-structural,inconclusive-budget,True,False,0,
BGC0002511,biruloquinone,17,10,7,unreachable,coverage-limited-formula,formula-infeasible,False,True,0,
BGC0002513,6-methylcristazarin,14,14,6,unreachable,coverage-limited-structural,sound-structural-gap,True,True,4,
BGC0002515,solanapyrone A,18,22,4,unreachable,coverage-limited-structural,sound-structural-gap,True,True,4724,
BGC0002516,prephenalenone,14,12,6,unreachable,coverage-limited-structural,sound-structural-gap,True,True,0,
BGC0002525,fusarubin,15,14,7,unreachable,coverage-limited-formula,formula-infeasible,False,True,0,
BGC0002537,emeridone F,25,28,6,too_large,coverage-limited-structural,inconclusive-budget,True,False,0,
BGC0002593,lecanoric acid,16,14,7,unreachable,coverage-limited-structural,sound-structural-gap,True,True,0,
BGC0002594,orcinol,7,8,2,unreachable,coverage-limited-structural,sound-structural-gap,True,True,0,
BGC0002595,orsellinic acid,8,8,4,reachable,,recovered,True,True,1,"Program(starter='acetyl', cycles=(Cycle(reduction=<ReductionState.KETO: 'keto'>, c_methyl=False, extender=<Extender.MALONYL: 'malonyl'>), Cycle(reduction=<ReductionState.KETO: 'keto'>, c_methyl=False, extender=<Extender.MALONYL: 'malonyl'>), Cycle(reduction=<ReductionState.KETO: 'keto'>, c_methyl=False, extender=<Extender.MALONYL: 'malonyl'>)), release=<Release.ALDOL_AROMATIC: 'aldol_aromatic'>)"
BGC0002596,lecanoric acid,16,14,7,unreachable,coverage-limited-structural,sound-structural-gap,True,True,0,
BGC0002603,chevalone E,26,38,4,too_large,ambiguous-budget,inconclusive-budget,True,False,0,
BGC0002604,sartorypyrone A,28,40,5,too_large,coverage-limited-structural,inconclusive-budget,True,False,0,
BGC0002614,subglutinol A,27,38,4,too_large,coverage-limited-structural,inconclusive-budget,True,False,0,
BGC0002616,mycophenolic acid,17,20,6,unreachable,coverage-limited-structural,sound-structural-gap,True,True,1256,
BGC0002619,mycophenolic acid,17,20,6,unreachable,coverage-limited-structural,sound-structural-gap,True,True,1256,
BGC0002709,aurofusarin,30,18,12,too_large,coverage-limited-formula,formula-infeasible,False,False,0,
BGC0002731,nanangenine A,15,22,5,unreachable,coverage-limited-structural,sound-structural-gap,True,True,3975,
BGC0002745,verrucosidin,24,32,6,too_large,coverage-limited-structural,inconclusive-budget,True,False,0,
BGC0002758,Azanidulone,11,10,4,unreachable,coverage-limited-structural,sound-structural-gap,True,True,0,
BGC0002759,brevione E,28,34,7,too_large,coverage-limited-structural,inconclusive-budget,True,False,0,
BGC0002845,Sartorypyrone A,28,40,5,too_large,coverage-limited-structural,inconclusive-budget,True,False,0,
BGC0002847,olivetolic acid,12,16,4,reachable,,recovered,True,True,293,"Program(starter='hexanoyl', cycles=(Cycle(reduction=<ReductionState.KETO: 'keto'>, c_methyl=False, extender=<Extender.MALONYL: 'malonyl'>), Cycle(reduction=<ReductionState.KETO: 'keto'>, c_methyl=False, extender=<Extender.MALONYL: 'malonyl'>), Cycle(reduction=<ReductionState.KETO: 'keto'>, c_methyl=False, extender=<Extender.MALONYL: 'malonyl'>)), release=<Release.ALDOL_AROMATIC: 'aldol_aromatic'>)"
BGC0002848,CJ-20557,19,20,7,unreachable,coverage-limited-structural,sound-structural-gap,True,True,132,
BGC0002849,Luteodienoside A,23,38,13,too_large,coverage-limited-formula,formula-infeasible,False,False,0,
BGC0002852,"3,6-dialkyl-α-pyrone",10,12,3,unreachable,coverage-limited-structural,sound-structural-gap,True,True,16,
BGC0002864,Mollicellin Z ,21,22,6,too_large,coverage-limited-structural,inconclusive-budget,True,False,0,
BGC0002872,Zaragozic acid A,35,46,14,too_large,coverage-limited-structural,inconclusive-budget,True,False,0,
BGC0002874,cristazarin,13,12,6,unreachable,coverage-limited-formula,formula-infeasible,False,True,0,
BGC0002877,Cordypyrone A,22,28,3,too_large,coverage-limited-structural,inconclusive-budget,True,False,0,
BGC0002883,biruloquinone,17,10,7,unreachable,coverage-limited-formula,formula-infeasible,False,True,0,
BGC0002891,arthripenoid C,30,44,9,too_large,coverage-limited-structural,inconclusive-budget,True,False,0,
BGC0002911,naringenin,15,12,5,unreachable,coverage-limited-structural,sound-structural-gap,True,True,0,
BGC0002930,6'-O-demethyl-dihydroaustalide K,24,32,5,too_large,coverage-limited-structural,inconclusive-budget,True,False,0,
BGC0002936,Gyrophoric acid,24,20,10,too_large,coverage-limited-structural,inconclusive-budget,True,False,0,
BGC0002953,11'-O-desmethyl fendlerol,26,40,7,too_large,coverage-limited-structural,inconclusive-budget,True,False,0,
BGC0002966,luteodienoside A,23,38,13,too_large,coverage-limited-formula,formula-infeasible,False,False,0,
BGC0002970,xylariolide D,10,14,3,unreachable,coverage-limited-structural,sound-structural-gap,True,True,94,
BGC0002971,Fugralin A,12,20,4,unreachable,coverage-limited-structural,sound-structural-gap,True,True,479,
BGC0002984,Brefeldin A,16,24,4,unreachable,coverage-limited-structural,sound-structural-gap,True,True,11536,
BGC0002987,scirpilin A,26,36,2,too_large,ambiguous-budget,inconclusive-budget,True,False,0,
BGC0002999,(2S)-annullatin A,17,22,4,unreachable,coverage-limited-structural,sound-structural-gap,True,True,7243,
BGC0003006,Rasfonin,25,38,6,too_large,coverage-limited-structural,inconclusive-budget,True,False,0,
BGC0003011,Eupenifeldin,33,40,7,too_large,coverage-limited-structural,inconclusive-budget,True,False,0,
BGC0003013,agonodepside A,23,26,5,too_large,coverage-limited-structural,inconclusive-budget,True,False,0,
BGC0003028,Terrestric acid,11,14,4,unreachable,coverage-limited-structural,sound-structural-gap,True,True,92,
BGC0003032,soppiline A,21,34,3,too_large,coverage-limited-structural,inconclusive-budget,True,False,0,
BGC0003093,Phomoxanthone A,38,38,16,too_large,coverage-limited-structural,inconclusive-budget,True,False,0,
BGC0003094,Roseopurpurin C,18,20,7,unreachable,coverage-limited-structural,sound-structural-gap,True,True,334,
BGC0003099,"7-But-15-enyl-6,8-dihydroxy-3(R)-pent-11-enylisochroman-1-one",18,22,4,unreachable,coverage-limited-structural,sound-structural-gap,True,True,4724,
BGC0003108,pycnidione,33,40,7,too_large,coverage-limited-structural,inconclusive-budget,True,False,0,
BGC0003109,stachysalicyloid C,16,20,2,unreachable,coverage-limited-structural,sound-structural-gap,True,True,196,
BGC0003113,multiformin A,24,26,6,too_large,coverage-limited-structural,inconclusive-budget,True,False,0,
BGC0003115,orsellinoxypropanoic acid,11,12,6,unreachable,coverage-limited-formula,formula-infeasible,False,True,0,
BGC0003118,Multiforisin H,13,16,6,unreachable,coverage-limited-structural,sound-structural-gap,True,True,66,
BGC0003120,Minutellin A,27,30,7,too_large,coverage-limited-structural,inconclusive-budget,True,False,0,
BGC0003126,kotanin,24,22,8,too_large,coverage-limited-structural,inconclusive-budget,True,False,0,
BGC0003142,FDDP D,29,42,7,too_large,coverage-limited-structural,inconclusive-budget,True,False,0,
BGC0003144,Physodic acid,26,30,8,too_large,coverage-limited-structural,inconclusive-budget,True,False,0,
BGC0003150,Ascochitine,15,16,5,unreachable,coverage-limited-structural,sound-structural-gap,True,True,20,
BGC0003151,Annullatin D,17,22,4,unreachable,coverage-limited-structural,sound-structural-gap,True,True,7243,
