bgc_id,name,baseline,status_rescan,curve,classes,n_classes
BGC0001257,"1,3,6,8-tetrahydroxynaphthalene",unreachable,unreachable,CHO,aromatic_cyclization,1
BGC0001258,"1,3,6,8-tetrahydroxynaphthalene",unreachable,unreachable,CHO,aromatic_cyclization,1
BGC0001404,sorbicillin,unreachable,unreachable,CHO,aromatic_cyclization,1
BGC0001749,epipyriculol,unreachable,unreachable,CHO,aromatic_cyclization,1
BGC0001906,"2-acetyl-1,3,6,8-tetrahydroxynaphthalene",unreachable,unreachable,CHO,aromatic_cyclization,1
BGC0001909,strobilurin A,unreachable,unreachable,CHO,aromatic_cyclization,1
BGC0002065,strobilurin A,unreachable,unreachable,CHO,aromatic_cyclization,1
BGC0002154,"1,3,5,8-tetrahydroxynapthalene",unreachable,unreachable,CHO,aromatic_cyclization,1
BGC0002190,sorbicillin,unreachable,unreachable,CHO,aromatic_cyclization,1
BGC0002209,ustethylin A,unreachable,unreachable,CHO,aromatic_cyclization,1
BGC0002238,"2,4'-dihydroxy-3'-methoxypropiophenone",unreachable,unreachable,CHO,aromatic_cyclization,1
BGC0002257,rufoschweinitzin,too_large,unreachable,CHO,aromatic_cyclization,1
BGC0002265,atranorin,unreachable,unreachable,CHO,aromatic_cyclization,1
BGC0002507,sporandol,too_large,unreachable,CHO,aromatic_cyclization,1
BGC0002593,lecanoric acid,unreachable,unreachable,CHO,aromatic_cyclization,1
BGC0002594,orcinol,unreachable,unreachable,CHO,aromatic_cyclization,1
BGC0002596,lecanoric acid,unreachable,unreachable,CHO,aromatic_cyclization,1
BGC0002848,CJ-20557,unreachable,unreachable,CHO,aromatic_cyclization,1
BGC0002936,Gyrophoric acid,too_large,unreachable,CHO,aromatic_cyclization,1
BGC0002987,scirpilin A,too_large,budget,CHO,aromatic_cyclization,1
BGC0003013,agonodepside A,too_large,unreachable,CHO,aromatic_cyclization,1
BGC0003109,stachysalicyloid C,unreachable,unreachable,CHO,aromatic_cyclization,1
BGC0000003,AF-toxin,too_large,unreachable,CHO,non_aromatic_ring_rearrangement,1
BGC0000012,alternapyrone,too_large,unreachable,CHO,non_aromatic_ring_rearrangement,1
BGC0000022,asperfuranone,unreachable,unreachable,CHO,non_aromatic_ring_rearrangement,1
BGC0000027,ankaflavin,too_large,unreachable,CHO,non_aromatic_ring_rearrangement,1
BGC0000039,compactin,too_large,unreachable,CHO,non_aromatic_ring_rearrangement,1
BGC0000046,depudecin,unreachable,unreachable,CHO,non_aromatic_ring_rearrangement,1
BGC0000088,lovastatin,too_large,unreachable,CHO,non_aromatic_ring_rearrangement,1
BGC0000089,lovastatin,too_large,unreachable,CHO,non_aromatic_ring_rearrangement,1
BGC0000098,monacolin K,too_large,unreachable,CHO,non_aromatic_ring_rearrangement,1
BGC0000099,monascorubrin,too_large,unreachable,CHO,non_aromatic_ring_rearrangement,1
BGC0000146,solanapyrone D,unreachable,unreachable,CHO,non_aromatic_ring_rearrangement,1
BGC0000161,isoterrein,unreachable,unreachable,CHO,non_aromatic_ring_rearrangement,1
BGC0001141,4-epi-15-epi-brefeldin A,unreachable,unreachable,CHO,non_aromatic_ring_rearrangement,1
BGC0001143,azanigerone A,unreachable,unreachable,CHO,non_aromatic_ring_rearrangement,1
BGC0001219,shanorellin,unreachable,unreachable,CHO,non_aromatic_ring_rearrangement,1
BGC0001243,botryenalol,unreachable,unreachable,CHO,non_aromatic_ring_rearrangement,1
BGC0001252,UNII-YC2Q1O94PT,unreachable,unreachable,CHO,non_aromatic_ring_rearrangement,1
BGC0001264,betaenone A,too_large,unreachable,CHO,non_aromatic_ring_rearrangement,1
BGC0001269,gibberellin A3,unreachable,unreachable,CHO,non_aromatic_ring_rearrangement,1
BGC0001270,gibberellin A7,unreachable,unreachable,CHO,non_aromatic_ring_rearrangement,1
BGC0001273,asperlactone,unreachable,unreachable,CHO,non_aromatic_ring_rearrangement,1
BGC0001280,betaenone C,too_large,unreachable,CHO,non_aromatic_ring_rearrangement,1
BGC0001281,ustilagic acid,too_large,unreachable,CHO,non_aromatic_ring_rearrangement,1
BGC0001305,fujikurin B,unreachable,unreachable,CHO,non_aromatic_ring_rearrangement,1
BGC0001338,citrinin,unreachable,unreachable,CHO,non_aromatic_ring_rearrangement,1
BGC0001340,byssochlamic acid,unreachable,unreachable,CHO,non_aromatic_ring_rearrangement,1
BGC0001373,sordarin,too_large,unreachable,CHO,non_aromatic_ring_rearrangement,1
BGC0001385,byssochlamic acid,unreachable,unreachable,CHO,non_aromatic_ring_rearrangement,1
BGC0001400,citreoviridin,too_large,unreachable,CHO,non_aromatic_ring_rearrangement,1
BGC0001450,macrophorin A,too_large,budget,CHO,non_aromatic_ring_rearrangement,1
BGC0001508,andrastin A,too_large,unreachable,CHO,non_aromatic_ring_rearrangement,1
BGC0001557,cornexistin,unreachable,unreachable,CHO,non_aromatic_ring_rearrangement,1
BGC0001600,fusarielin H,too_large,budget,CHO,non_aromatic_ring_rearrangement,1
BGC0001606,gibepyrone-A,unreachable,unreachable,CHO,non_aromatic_ring_rearrangement,1
BGC0001708,novofumigatonin,too_large,unreachable,CHO,non_aromatic_ring_rearrangement,1
BGC0001729,paraherquonin,too_large,unreachable,CHO,non_aromatic_ring_rearrangement,1
BGC0001827,xenovulene A,too_large,unreachable,CHO,non_aromatic_ring_rearrangement,1
BGC0001899,abscisic acid,unreachable,unreachable,CHO,non_aromatic_ring_rearrangement,1
BGC0001913,phomoidride,too_large,unreachable,CHO,non_aromatic_ring_rearrangement,1
BGC0002139,burnettiene A,too_large,unreachable,CHO,non_aromatic_ring_rearrangement,1
BGC0002155,nectriapyrone C,unreachable,unreachable,CHO,non_aromatic_ring_rearrangement,1
BGC0002165,betaenone C,too_large,unreachable,CHO,non_aromatic_ring_rearrangement,1
BGC0002168,decumbenone a,unreachable,unreachable,CHO,non_aromatic_ring_rearrangement,1
BGC0002170,4-methyl-5-dimethyltetradecahexaene-β-ketolactone,too_large,unreachable,CHO,non_aromatic_ring_rearrangement,1
BGC0002180,(+)-asperlin,unreachable,unreachable,CHO,non_aromatic_ring_rearrangement,1
BGC0002185,gregatin A,unreachable,unreachable,CHO,non_aromatic_ring_rearrangement,1
BGC0002191,prolipyrone B,unreachable,unreachable,CHO,non_aromatic_ring_rearrangement,1
BGC0002194,epipyrone A,too_large,unreachable,CHO,non_aromatic_ring_rearrangement,1
BGC0002197,terrestric acid,unreachable,unreachable,CHO,non_aromatic_ring_rearrangement,1
BGC0002200,aurovertin E,too_large,unreachable,CHO,non_aromatic_ring_rearrangement,1
BGC0002206,harziphilone,unreachable,unreachable,CHO,non_aromatic_ring_rearrangement,1
BGC0002222,zopfiellin,too_large,unreachable,CHO,non_aromatic_ring_rearrangement,1
BGC0002223,scytalidin,too_large,unreachable,CHO,non_aromatic_ring_rearrangement,1
BGC0002224,zopfiellin,too_large,unreachable,CHO,non_aromatic_ring_rearrangement,1
BGC0002233,trichoxide,unreachable,unreachable,CHO,non_aromatic_ring_rearrangement,1
BGC0002235,"12,13-dihydroxymagnaporthepyrone",unreachable,unreachable,CHO,non_aromatic_ring_rearrangement,1
BGC0002249,phaeospelide A,too_large,unreachable,CHO,non_aromatic_ring_rearrangement,1
BGC0002255,lijiquinone,too_large,unreachable,CHO,non_aromatic_ring_rearrangement,1
BGC0002258,shimalactone A,too_large,budget,CHO,non_aromatic_ring_rearrangement,1
BGC0002262,sporothriolide,unreachable,unreachable,CHO,non_aromatic_ring_rearrangement,1
BGC0002263,spiromarmycin,unreachable,unreachable,CHO,non_aromatic_ring_rearrangement,1
BGC0002266,calidoustene A,too_large,unreachable,CHO,non_aromatic_ring_rearrangement,1
BGC0002427,subglutinol A,too_large,unreachable,CHO,non_aromatic_ring_rearrangement,1
BGC0002515,solanapyrone A,unreachable,unreachable,CHO,non_aromatic_ring_rearrangement,1
BGC0002537,emeridone F,too_large,unreachable,CHO,non_aromatic_ring_rearrangement,1
BGC0002603,chevalone E,too_large,budget,CHO,non_aromatic_ring_rearrangement,1
BGC0002604,sartorypyrone A,too_large,unreachable,CHO,non_aromatic_ring_rearrangement,1
BGC0002614,subglutinol A,too_large,unreachable,CHO,non_aromatic_ring_rearrangement,1
BGC0002731,nanangenine A,unreachable,unreachable,CHO,non_aromatic_ring_rearrangement,1
BGC0002745,verrucosidin,too_large,unreachable,CHO,non_aromatic_ring_rearrangement,1
BGC0002758,Azanidulone,unreachable,unreachable,CHO,non_aromatic_ring_rearrangement,1
BGC0002759,brevione E,too_large,unreachable,CHO,non_aromatic_ring_rearrangement,1
BGC0002845,Sartorypyrone A,too_large,unreachable,CHO,non_aromatic_ring_rearrangement,1
BGC0002852,"3,6-dialkyl-α-pyrone",unreachable,unreachable,CHO,non_aromatic_ring_rearrangement,1
BGC0002877,Cordypyrone A,too_large,unreachable,CHO,non_aromatic_ring_rearrangement,1
BGC0002953,11'-O-desmethyl fendlerol,too_large,unreachable,CHO,non_aromatic_ring_rearrangement,1
BGC0002970,xylariolide D,unreachable,unreachable,CHO,non_aromatic_ring_rearrangement,1
BGC0002984,Brefeldin A,unreachable,unreachable,CHO,non_aromatic_ring_rearrangement,1
BGC0003006,Rasfonin,too_large,unreachable,CHO,non_aromatic_ring_rearrangement,1
BGC0003028,Terrestric acid,unreachable,unreachable,CHO,non_aromatic_ring_rearrangement,1
BGC0003113,multiformin A,too_large,unreachable,CHO,non_aromatic_ring_rearrangement,1
BGC0003118,Multiforisin H,unreachable,unreachable,CHO,non_aromatic_ring_rearrangement,1
BGC0003120,Minutellin A,too_large,unreachable,CHO,non_aromatic_ring_rearrangement,1
BGC0000155,T-toxin,too_large,unreachable,CHO,other_topology,1
BGC0002971,Fugralin A,unreachable,unreachable,CHO,other_topology,1
BGC0003032,soppiline A,too_large,unreachable,CHO,other_topology,1
BGC0000011,Sterigmatocystin,unreachable,unreachable,CHO,aromatic_cyclization|non_aromatic_ring_rearrangement,2
BGC0000013,alternariol,unreachable,unreachable,CHO,aromatic_cyclization|non_aromatic_ring_rearrangement,2
BGC0000045,dehydrocurvularin,unreachable,unreachable,CHO,aromatic_cyclization|non_aromatic_ring_rearrangement,2
BGC0000076,hypothemycin,unreachable,unreachable,CHO,aromatic_cyclization|non_aromatic_ring_rearrangement,2
BGC0000077,hypothemycin,unreachable,unreachable,CHO,aromatic_cyclization|non_aromatic_ring_rearrangement,2
BGC0000104,mycophenolic acid,unreachable,unreachable,CHO,aromatic_cyclization|non_aromatic_ring_rearrangement,2
BGC0000152,sterigmatocystin,unreachable,unreachable,CHO,aromatic_cyclization|non_aromatic_ring_rearrangement,2
BGC0001057,zearalenone,unreachable,unreachable,CHO,aromatic_cyclization|non_aromatic_ring_rearrangement,2
BGC0001245,lasiodiplodin,unreachable,unreachable,CHO,aromatic_cyclization|non_aromatic_ring_rearrangement,2
BGC0001246,trans-resorcylide,unreachable,unreachable,CHO,aromatic_cyclization|non_aromatic_ring_rearrangement,2
BGC0001247,cercosporin,too_large,unreachable,CHO,aromatic_cyclization|non_aromatic_ring_rearrangement,2
BGC0001259,elsinochrome A,too_large,unreachable,CHO,aromatic_cyclization|non_aromatic_ring_rearrangement,2
BGC0001266,grayanic acid,too_large,unreachable,CHO,aromatic_cyclization|non_aromatic_ring_rearrangement,2
BGC0001272,elsinochrome B,too_large,unreachable,CHO,aromatic_cyclization|non_aromatic_ring_rearrangement,2
BGC0001304,aflavarin,too_large,unreachable,CHO,aromatic_cyclization|non_aromatic_ring_rearrangement,2
BGC0001309,usnic acid,unreachable,unreachable,CHO,aromatic_cyclization|non_aromatic_ring_rearrangement,2
BGC0001339,squalestatin S1,too_large,unreachable,CHO,aromatic_cyclization|non_aromatic_ring_rearrangement,2
BGC0001401,melleolide F,too_large,unreachable,CHO,aromatic_cyclization|non_aromatic_ring_rearrangement,2
BGC0001403,trypacidin,unreachable,unreachable,CHO,aromatic_cyclization|non_aromatic_ring_rearrangement,2
BGC0001541,cercosporin,too_large,unreachable,CHO,aromatic_cyclization|non_aromatic_ring_rearrangement,2
BGC0001542,cercosporin,too_large,unreachable,CHO,aromatic_cyclization|non_aromatic_ring_rearrangement,2
BGC0001677,mycophenolic acid,unreachable,unreachable,CHO,aromatic_cyclization|non_aromatic_ring_rearrangement,2
BGC0001865,elsinochrome C,too_large,unreachable,CHO,aromatic_cyclization|non_aromatic_ring_rearrangement,2
BGC0001866,viriditoxin,too_large,unreachable,CHO,aromatic_cyclization|non_aromatic_ring_rearrangement,2
BGC0001886,Secalonic acid B,too_large,unreachable,CHO,aromatic_cyclization|non_aromatic_ring_rearrangement,2
BGC0001926,chrodrimanin B,too_large,unreachable,CHO,aromatic_cyclization|non_aromatic_ring_rearrangement,2
BGC0001988,neosartorin,too_large,unreachable,CHO,aromatic_cyclization|non_aromatic_ring_rearrangement,2
BGC0002030,viriditoxin,too_large,unreachable,CHO,aromatic_cyclization|non_aromatic_ring_rearrangement,2
BGC0002161,scytalone,unreachable,unreachable,CHO,aromatic_cyclization|non_aromatic_ring_rearrangement,2
BGC0002175,YWA1,unreachable,unreachable,CHO,aromatic_cyclization|non_aromatic_ring_rearrangement,2
BGC0002192,FR901512,too_large,unreachable,CHO,aromatic_cyclization|non_aromatic_ring_rearrangement,2
BGC0002236,8-methyldiaporthin,unreachable,unreachable,CHO,aromatic_cyclization|non_aromatic_ring_rearrangement,2
BGC0002241,ywa1,unreachable,unreachable,CHO,aromatic_cyclization|non_aromatic_ring_rearrangement,2
BGC0002244,pestalotiollide B,too_large,unreachable,CHO,aromatic_cyclization|non_aromatic_ring_rearrangement,2
BGC0002483,usnic acid,unreachable,unreachable,CHO,aromatic_cyclization|non_aromatic_ring_rearrangement,2
BGC0002513,6-methylcristazarin,unreachable,unreachable,CHO,aromatic_cyclization|non_aromatic_ring_rearrangement,2
BGC0002516,prephenalenone,unreachable,unreachable,CHO,aromatic_cyclization|non_aromatic_ring_rearrangement,2
BGC0002616,mycophenolic acid,unreachable,unreachable,CHO,aromatic_cyclization|non_aromatic_ring_rearrangement,2
BGC0002619,mycophenolic acid,unreachable,unreachable,CHO,aromatic_cyclization|non_aromatic_ring_rearrangement,2
BGC0002872,Zaragozic acid A,too_large,unreachable,CHO,aromatic_cyclization|non_aromatic_ring_rearrangement,2
BGC0002891,arthripenoid C,too_large,unreachable,CHO,aromatic_cyclization|non_aromatic_ring_rearrangement,2
BGC0002911,naringenin,unreachable,unreachable,CHO,aromatic_cyclization|non_aromatic_ring_rearrangement,2
BGC0002930,6'-O-demethyl-dihydroaustalide K,too_large,unreachable,CHO,aromatic_cyclization|non_aromatic_ring_rearrangement,2
BGC0002999,(2S)-annullatin A,unreachable,unreachable,CHO,aromatic_cyclization|non_aromatic_ring_rearrangement,2
BGC0003011,Eupenifeldin,too_large,unreachable,CHO,aromatic_cyclization|non_aromatic_ring_rearrangement,2
BGC0003093,Phomoxanthone A,too_large,unreachable,CHO,aromatic_cyclization|non_aromatic_ring_rearrangement,2
BGC0003094,Roseopurpurin C,unreachable,unreachable,CHO,aromatic_cyclization|non_aromatic_ring_rearrangement,2
BGC0003099,"7-But-15-enyl-6,8-dihydroxy-3(R)-pent-11-enylisochroman-1-one",unreachable,unreachable,CHO,aromatic_cyclization|non_aromatic_ring_rearrangement,2
BGC0003108,pycnidione,too_large,unreachable,CHO,aromatic_cyclization|non_aromatic_ring_rearrangement,2
BGC0003126,kotanin,too_large,unreachable,CHO,aromatic_cyclization|non_aromatic_ring_rearrangement,2
BGC0003144,Physodic acid,too_large,unreachable,CHO,aromatic_cyclization|non_aromatic_ring_rearrangement,2
BGC0003150,Ascochitine,unreachable,unreachable,CHO,aromatic_cyclization|non_aromatic_ring_rearrangement,2
BGC0003151,Annullatin D,unreachable,unreachable,CHO,aromatic_cyclization|non_aromatic_ring_rearrangement,2
BGC0000154,stipitatic acid,unreachable,unreachable,CHO,aromatic_cyclization|oxidative_tailoring,2
BGC0003115,orsellinoxypropanoic acid,unreachable,unreachable,CHO,aromatic_cyclization|oxidative_tailoring,2
BGC0001390,LL-Z1272beta,too_large,budget,CHO,aromatic_cyclization|prenylation,2
BGC0002234,flavoglaucin,unreachable,unreachable,CHO,aromatic_cyclization|prenylation,2
BGC0000120,patulin,unreachable,unreachable,CHO,non_aromatic_ring_rearrangement|oxidative_tailoring,2
BGC0000160,terreic acid,unreachable,unreachable,CHO,non_aromatic_ring_rearrangement|oxidative_tailoring,2
BGC0001720,oosporein,unreachable,unreachable,CHO,non_aromatic_ring_rearrangement|oxidative_tailoring,2
BGC0002849,Luteodienoside A,too_large,unreachable,CHO,non_aromatic_ring_rearrangement|oxidative_tailoring,2
BGC0002966,luteodienoside A,too_large,unreachable,CHO,non_aromatic_ring_rearrangement|oxidative_tailoring,2
BGC0000170,yanuthone D,too_large,unreachable,CHO,non_aromatic_ring_rearrangement|prenylation,2
BGC0001067,Fumagillin,too_large,unreachable,CHO,non_aromatic_ring_rearrangement|prenylation,2
BGC0002428,FDDP-D,too_large,unreachable,CHO,non_aromatic_ring_rearrangement|prenylation,2
BGC0002429,higginsianin B,too_large,budget,CHO,non_aromatic_ring_rearrangement|prenylation,2
BGC0003142,FDDP D,too_large,unreachable,CHO,non_aromatic_ring_rearrangement|prenylation,2
BGC0001578,duclauxin,too_large,unreachable,CHO,aromatic_cyclization|non_aromatic_ring_rearrangement|other_formula,3
BGC0002177,ustilaginoidin N,too_large,unreachable,CHO,aromatic_cyclization|non_aromatic_ring_rearrangement|other_formula,3
BGC0002243,biruloquinone,unreachable,unreachable,CHO,aromatic_cyclization|non_aromatic_ring_rearrangement|other_formula,3
BGC0002511,biruloquinone,unreachable,unreachable,CHO,aromatic_cyclization|non_aromatic_ring_rearrangement|other_formula,3
BGC0002709,aurofusarin,too_large,unreachable,CHO,aromatic_cyclization|non_aromatic_ring_rearrangement|other_formula,3
BGC0002883,biruloquinone,unreachable,unreachable,CHO,aromatic_cyclization|non_aromatic_ring_rearrangement|other_formula,3
BGC0000004,aflatoxin G1,unreachable,unreachable,CHO,aromatic_cyclization|non_aromatic_ring_rearrangement|oxidative_tailoring,3
BGC0000005,aflatoxin,unreachable,unreachable,CHO,aromatic_cyclization|non_aromatic_ring_rearrangement|oxidative_tailoring,3
BGC0000006,aflatoxin B1,unreachable,unreachable,CHO,aromatic_cyclization|non_aromatic_ring_rearrangement|oxidative_tailoring,3
BGC0000007,aflatoxin G1,unreachable,unreachable,CHO,aromatic_cyclization|non_aromatic_ring_rearrangement|oxidative_tailoring,3
BGC0000008,aflatoxin B1,unreachable,unreachable,CHO,aromatic_cyclization|non_aromatic_ring_rearrangement|oxidative_tailoring,3
BGC0000009,aflatoxin B1,unreachable,unreachable,CHO,aromatic_cyclization|non_aromatic_ring_rearrangement|oxidative_tailoring,3
BGC0000010,aflatoxin,unreachable,unreachable,CHO,aromatic_cyclization|non_aromatic_ring_rearrangement|oxidative_tailoring,3
BGC0000030,bikaverin,unreachable,unreachable,CHO,aromatic_cyclization|non_aromatic_ring_rearrangement|oxidative_tailoring,3
BGC0000048,dothistromin,unreachable,unreachable,CHO,aromatic_cyclization|non_aromatic_ring_rearrangement|oxidative_tailoring,3
BGC0000057,F9775A,too_large,unreachable,CHO,aromatic_cyclization|non_aromatic_ring_rearrangement|oxidative_tailoring,3
BGC0000101,emodin,unreachable,unreachable,CHO,aromatic_cyclization|non_aromatic_ring_rearrangement|oxidative_tailoring,3
BGC0000156,TAN-1612,too_large,unreachable,CHO,aromatic_cyclization|non_aromatic_ring_rearrangement|oxidative_tailoring,3
BGC0000684,asperthecin,unreachable,unreachable,CHO,aromatic_cyclization|non_aromatic_ring_rearrangement|oxidative_tailoring,3
BGC0001118,endocrocin,unreachable,unreachable,CHO,aromatic_cyclization|non_aromatic_ring_rearrangement|oxidative_tailoring,3
BGC0001158,bikaverin,unreachable,unreachable,CHO,aromatic_cyclization|non_aromatic_ring_rearrangement|oxidative_tailoring,3
BGC0001242,oxyjavanicin,unreachable,unreachable,CHO,aromatic_cyclization|non_aromatic_ring_rearrangement|oxidative_tailoring,3
BGC0001446,asparasone A,unreachable,unreachable,CHO,aromatic_cyclization|non_aromatic_ring_rearrangement|oxidative_tailoring,3
BGC0002062,agnestin A,unreachable,unreachable,CHO,aromatic_cyclization|non_aromatic_ring_rearrangement|oxidative_tailoring,3
BGC0002063,cryptosporioptide B,too_large,unreachable,CHO,aromatic_cyclization|non_aromatic_ring_rearrangement|oxidative_tailoring,3
BGC0002525,fusarubin,unreachable,unreachable,CHO,aromatic_cyclization|non_aromatic_ring_rearrangement|oxidative_tailoring,3
BGC0002874,cristazarin,unreachable,unreachable,CHO,aromatic_cyclization|non_aromatic_ring_rearrangement|oxidative_tailoring,3
BGC0001144,neosartoricin B,too_large,unreachable,CHO,aromatic_cyclization|non_aromatic_ring_rearrangement|prenylation,3
BGC0001271,emericellin,too_large,unreachable,CHO,aromatic_cyclization|non_aromatic_ring_rearrangement|prenylation,3
BGC0002864,Mollicellin Z ,too_large,unreachable,CHO,aromatic_cyclization|non_aromatic_ring_rearrangement|prenylation,3
BGC0000037,cichorine,skip_element,skip_element,heteroatom,N_incorporation,1
BGC0000062,Fumonisin B1,skip_element,skip_element,heteroatom,N_incorporation,1
BGC0000063,hydroxyl-Fumonisin C1,skip_element,skip_element,heteroatom,N_incorporation,1
BGC0000064,fusarin C,skip_element,skip_element,heteroatom,N_incorporation,1
BGC0000129,pyripyropene A,skip_element,skip_element,heteroatom,N_incorporation,1
BGC0000168,viridicatumtoxin,skip_element,skip_element,heteroatom,N_incorporation,1
BGC0000959,aspyridone A,skip_element,skip_element,heteroatom,N_incorporation,1
BGC0000968,chaetoglobosin A,skip_element,skip_element,heteroatom,N_incorporation,1
BGC0000977,cyclopiazonic acid,skip_element,skip_element,heteroatom,N_incorporation,1
BGC0000983,cytochalasin E,skip_element,skip_element,heteroatom,N_incorporation,1
BGC0000992,fusaridione A,skip_element,skip_element,heteroatom,N_incorporation,1
BGC0001026,NG-391,skip_element,skip_element,heteroatom,N_incorporation,1
BGC0001035,pneumocandin B0,skip_element,skip_element,heteroatom,N_incorporation,1
BGC0001037,pseurotin,skip_element,skip_element,heteroatom,N_incorporation,1
BGC0001049,tenellin,skip_element,skip_element,heteroatom,N_incorporation,1
BGC0001122,dihydroisoflavipucine,skip_element,skip_element,heteroatom,N_incorporation,1
BGC0001124,pyranonigrin E,skip_element,skip_element,heteroatom,N_incorporation,1
BGC0001136,desmethylbassianin,skip_element,skip_element,heteroatom,N_incorporation,1
BGC0001187,xenolozoyenone,skip_element,skip_element,heteroatom,N_incorporation,1
BGC0001190,fusaric acid,skip_element,skip_element,heteroatom,N_incorporation,1
BGC0001205,communesin A,skip_element,skip_element,heteroatom,N_incorporation,1
BGC0001218,fumosorinone,skip_element,skip_element,heteroatom,N_incorporation,1
BGC0001253,ACT-Toxin I,skip_element,skip_element,heteroatom,N_incorporation,1
BGC0001254,ACT-Toxin II,skip_element,skip_element,heteroatom,N_incorporation,1
BGC0001255,equisetin,skip_element,skip_element,heteroatom,N_incorporation,1
BGC0001262,AK-toxin I,skip_element,skip_element,heteroatom,N_incorporation,1
BGC0001265,melanin,skip_element,skip_element,heteroatom,N_incorporation,1
BGC0001268,fusarin C,skip_element,skip_element,heteroatom,N_incorporation,1
BGC0001358,leucinostatin A,skip_element,skip_element,heteroatom,N_incorporation,1
BGC0001445,leporin B,skip_element,skip_element,heteroatom,N_incorporation,1
BGC0001449,ucs1025a,skip_element,skip_element,heteroatom,N_incorporation,1
BGC0001466,wortmanamide,skip_element,skip_element,heteroatom,N_incorporation,1
BGC0001563,curvupallide-B,skip_element,skip_element,heteroatom,N_incorporation,1
BGC0001616,himeic acid A,skip_element,skip_element,heteroatom,N_incorporation,1
BGC0001626,isoindolinone,skip_element,skip_element,heteroatom,N_incorporation,1
BGC0001722,aspernidine A,skip_element,skip_element,heteroatom,N_incorporation,1
BGC0001738,phomasetin,skip_element,skip_element,heteroatom,N_incorporation,1
BGC0001741,phyllostictine A,skip_element,skip_element,heteroatom,N_incorporation,1
BGC0001793,swainsonine,skip_element,skip_element,heteroatom,N_incorporation,1
BGC0001794,swainsonine,skip_element,skip_element,heteroatom,N_incorporation,1
BGC0001857,burnettramic acid A,skip_element,skip_element,heteroatom,N_incorporation,1
BGC0001874,α-cyclopiazonic acid,skip_element,skip_element,heteroatom,N_incorporation,1
BGC0001881,pyrichalasin H,skip_element,skip_element,heteroatom,N_incorporation,1
BGC0001966,BII-rafflesfungin,skip_element,skip_element,heteroatom,N_incorporation,1
BGC0001982,pyrichalasin H,skip_element,skip_element,heteroatom,N_incorporation,1
BGC0002035,ilicicolin H,skip_element,skip_element,heteroatom,N_incorporation,1
BGC0002066,harzianopyridone,skip_element,skip_element,heteroatom,N_incorporation,1
BGC0002067,atpenin B,skip_element,skip_element,heteroatom,N_incorporation,1
BGC0002093,ilicicolin H,skip_element,skip_element,heteroatom,N_incorporation,1
BGC0002158,tenuazonic acid,skip_element,skip_element,heteroatom,N_incorporation,1
BGC0002169,acurin A,skip_element,skip_element,heteroatom,N_incorporation,1
BGC0002171,pyrophen,skip_element,skip_element,heteroatom,N_incorporation,1
BGC0002186,fusaristatin A,skip_element,skip_element,heteroatom,N_incorporation,1
BGC0002188,W493 B,skip_element,skip_element,heteroatom,N_incorporation,1
BGC0002203,beauverolide Ba,skip_element,skip_element,heteroatom,N_incorporation,1
BGC0002204,flavichalasine F,skip_element,skip_element,heteroatom,N_incorporation,1
BGC0002205,phomacin D,skip_element,skip_element,heteroatom,N_incorporation,1
BGC0002210,pyranoviolin A,skip_element,skip_element,heteroatom,N_incorporation,1
BGC0002214,methyl (2S)-4-methyl-2-(octanoylamino)pentanoate,skip_element,skip_element,heteroatom,N_incorporation,1
BGC0002229,aculin A,skip_element,skip_element,heteroatom,N_incorporation,1
BGC0002230,tolypyridone C,skip_element,skip_element,heteroatom,N_incorporation,1
BGC0002231,fusaric acid,skip_element,skip_element,heteroatom,N_incorporation,1
BGC0002239,pyrrocidine A,skip_element,skip_element,heteroatom,N_incorporation,1
BGC0002247,chaetoconvosins B,skip_element,skip_element,heteroatom,N_incorporation,1
BGC0002250,triticone A,skip_element,skip_element,heteroatom,N_incorporation,1
BGC0002253,waikikiamide A,skip_element,skip_element,heteroatom,N_incorporation,1
BGC0002254,notoamide F,skip_element,skip_element,heteroatom,N_incorporation,1
BGC0002259,beauveriolide I,skip_element,skip_element,heteroatom,N_incorporation,1
BGC0002261,lucilactaene,skip_element,skip_element,heteroatom,N_incorporation,1
BGC0002268,"CJ-16,173",skip_element,skip_element,heteroatom,N_incorporation,1
BGC0002269,MCA17-1,skip_element,skip_element,heteroatom,N_incorporation,1
BGC0002270,swainsonine,skip_element,skip_element,heteroatom,N_incorporation,1
BGC0002275,pyrophen,skip_element,skip_element,heteroatom,N_incorporation,1
BGC0002281,sambutoxin,skip_element,skip_element,heteroatom,N_incorporation,1
BGC0002304,varicidin A,skip_element,skip_element,heteroatom,N_incorporation,1
BGC0002375,cladosporiumin I,skip_element,skip_element,heteroatom,N_incorporation,1
BGC0002502,fumonisin B3,skip_element,skip_element,heteroatom,N_incorporation,1
BGC0002505,xenoacremone A,skip_element,skip_element,heteroatom,N_incorporation,1
BGC0002538,chaetolivacine A,skip_element,skip_element,heteroatom,N_incorporation,1
BGC0002546,cytoglobosin X,skip_element,skip_element,heteroatom,N_incorporation,1
BGC0002555,emerimicin V,skip_element,skip_element,heteroatom,N_incorporation,1
BGC0002749,aspcandine,skip_element,skip_element,heteroatom,N_incorporation,1
BGC0002904,fumonisin B2,skip_element,skip_element,heteroatom,N_incorporation,1
BGC0002980,sphingofungin B,skip_element,skip_element,heteroatom,N_incorporation,1
BGC0002993,Oxopyrrolidine A,skip_element,skip_element,heteroatom,N_incorporation,1
BGC0003017,Macrollin A,skip_element,skip_element,heteroatom,N_incorporation,1
BGC0003145,macrophasetin A,skip_element,skip_element,heteroatom,N_incorporation,1
BGC0003147,Taslactam C,skip_element,skip_element,heteroatom,N_incorporation,1
BGC0003149,Taslactam D,skip_element,skip_element,heteroatom,N_incorporation,1
BGC0003154,cyclopiazonic acid,skip_element,skip_element,heteroatom,N_incorporation,1
BGC0000070,griseofulvin,skip_element,skip_element,heteroatom,halogenation,1
BGC0000121,Pestheic Acid,skip_element,skip_element,heteroatom,halogenation,1
BGC0000134,radicicol,skip_element,skip_element,heteroatom,halogenation,1
BGC0001405,chaetoviridin E,skip_element,skip_element,heteroatom,halogenation,1
BGC0001544,chlorflavonin,skip_element,skip_element,heteroatom,halogenation,1
BGC0001923,ascochlorin,skip_element,skip_element,heteroatom,halogenation,1
BGC0002187,monorden D,skip_element,skip_element,heteroatom,halogenation,1
BGC0002237,dichlorodiaporthin,skip_element,skip_element,heteroatom,halogenation,1
BGC0002592,geodin,skip_element,skip_element,heteroatom,halogenation,1
BGC0002812,Colletochlorin A,skip_element,skip_element,heteroatom,halogenation,1
BGC0002867,chlorogeumsanol B,skip_element,skip_element,heteroatom,halogenation,1
BGC0002887,radicicol,skip_element,skip_element,heteroatom,halogenation,1
BGC0002998,ilicicolinal,skip_element,skip_element,heteroatom,halogenation,1
BGC0003018,sclerotiorin,skip_element,skip_element,heteroatom,halogenation,1
BGC0001030,ochratoxin A,skip_element,skip_element,heteroatom,N_incorporation|halogenation,2
BGC0002598,ochratoxin A,skip_element,skip_element,heteroatom,N_incorporation|halogenation,2
BGC0002605,ochratoxin A,skip_element,skip_element,heteroatom,N_incorporation|halogenation,2
BGC0002606,ochratoxin A,skip_element,skip_element,heteroatom,N_incorporation|halogenation,2
BGC0002607,ochratoxin A,skip_element,skip_element,heteroatom,N_incorporation|halogenation,2
BGC0002608,ochratoxin A,skip_element,skip_element,heteroatom,N_incorporation|halogenation,2
BGC0002609,ochratoxin A,skip_element,skip_element,heteroatom,N_incorporation|halogenation,2
BGC0001360,mycophenolic acid,skip_element,skip_element,heteroatom,N_incorporation|S_incorporation|halogenation,3
