bgc_id,name,carbons,status,z_star_size,example_program
BGC0000003,AF-toxin,22,too_large,0,
BGC0000004,aflatoxin G1,17,unreachable,0,
BGC0000005,aflatoxin,17,unreachable,0,
BGC0000006,aflatoxin B1,17,unreachable,0,
BGC0000007,aflatoxin G1,17,unreachable,0,
BGC0000008,aflatoxin B1,17,unreachable,0,
BGC0000009,aflatoxin B1,17,unreachable,0,
BGC0000010,aflatoxin,17,unreachable,0,
BGC0000011,Sterigmatocystin,18,unreachable,0,
BGC0000012,alternapyrone,28,too_large,0,
BGC0000013,alternariol,14,unreachable,0,
BGC0000022,asperfuranone,19,unreachable,0,
BGC0000027,ankaflavin,23,too_large,0,
BGC0000030,bikaverin,20,unreachable,0,
BGC0000037,cichorine,0,skip_element,0,
BGC0000039,compactin,23,too_large,0,
BGC0000045,dehydrocurvularin,16,unreachable,0,
BGC0000046,depudecin,11,unreachable,0,
BGC0000048,dothistromin,18,unreachable,0,
BGC0000057,F9775A,21,too_large,0,
BGC0000062,Fumonisin B1,0,skip_element,0,
BGC0000063,hydroxyl-Fumonisin C1,0,skip_element,0,
BGC0000064,fusarin C,0,skip_element,0,
BGC0000070,griseofulvin,0,skip_element,0,
BGC0000076,hypothemycin,19,unreachable,0,
BGC0000077,hypothemycin,19,unreachable,0,
BGC0000088,lovastatin,24,too_large,0,
BGC0000089,lovastatin,24,too_large,0,
BGC0000098,monacolin K,24,too_large,0,
BGC0000099,monascorubrin,23,too_large,0,
BGC0000101,emodin,15,unreachable,0,
BGC0000104,mycophenolic acid,17,unreachable,0,
BGC0000120,patulin,7,unreachable,0,
BGC0000121,Pestheic Acid,0,skip_element,0,
BGC0000129,pyripyropene A,0,skip_element,0,
BGC0000134,radicicol,0,skip_element,0,
BGC0000146,solanapyrone D,18,unreachable,0,
BGC0000152,sterigmatocystin,18,unreachable,0,
BGC0000154,stipitatic acid,8,unreachable,0,
BGC0000155,T-toxin,41,too_large,0,
BGC0000156,TAN-1612,21,too_large,0,
BGC0000160,terreic acid,7,unreachable,0,
BGC0000161,isoterrein,8,unreachable,0,
BGC0000168,viridicatumtoxin,0,skip_element,0,
BGC0000170,yanuthone D,28,too_large,0,
BGC0000684,asperthecin,15,unreachable,0,
BGC0000959,aspyridone A,0,skip_element,0,
BGC0000968,chaetoglobosin A,0,skip_element,0,
BGC0000977,cyclopiazonic acid,0,skip_element,0,
BGC0000983,cytochalasin E,0,skip_element,0,
BGC0000992,fusaridione A,0,skip_element,0,
BGC0001026,NG-391,0,skip_element,0,
BGC0001030,ochratoxin A,0,skip_element,0,
BGC0001035,pneumocandin B0,0,skip_element,0,
BGC0001037,pseurotin,0,skip_element,0,
BGC0001049,tenellin,0,skip_element,0,
BGC0001057,zearalenone,18,unreachable,0,
BGC0001067,Fumagillin,26,too_large,0,
BGC0001118,endocrocin,16,unreachable,0,
BGC0001121,orsellinic acid,8,reachable,1,"Program(starter='acetyl', cycles=(Cycle(reduction=<ReductionState.KETO: 'keto'>, c_methyl=False, extender=<Extender.MALONYL: 'malonyl'>), Cycle(reduction=<ReductionState.KETO: 'keto'>, c_methyl=False, extender=<Extender.MALONYL: 'malonyl'>), Cycle(reduction=<ReductionState.KETO: 'keto'>, c_methyl=False, extender=<Extender.MALONYL: 'malonyl'>)), release=<Release.ALDOL_AROMATIC: 'aldol_aromatic'>)"
BGC0001122,dihydroisoflavipucine,0,skip_element,0,
BGC0001124,pyranonigrin E,0,skip_element,0,
BGC0001136,desmethylbassianin,0,skip_element,0,
BGC0001141,4-epi-15-epi-brefeldin A,16,unreachable,0,
BGC0001143,azanigerone A,19,unreachable,0,
BGC0001144,neosartoricin B,24,too_large,0,
BGC0001158,bikaverin,20,unreachable,0,
BGC0001187,xenolozoyenone,0,skip_element,0,
BGC0001190,fusaric acid,0,skip_element,0,
BGC0001205,communesin A,0,skip_element,0,
BGC0001218,fumosorinone,0,skip_element,0,
BGC0001219,shanorellin,9,unreachable,0,
BGC0001242,oxyjavanicin,15,unreachable,0,
BGC0001243,botryenalol,17,unreachable,0,
BGC0001244,(-)-Mellein,10,reachable,1,"Program(starter='acetyl', cycles=(Cycle(reduction=<ReductionState.KR: 'kr'>, c_methyl=False, extender=<Extender.MALONYL: 'malonyl'>), Cycle(reduction=<ReductionState.KETO: 'keto'>, c_methyl=False, extender=<Extender.MALONYL: 'malonyl'>), Cycle(reduction=<ReductionState.KR: 'kr'>, c_methyl=False, extender=<Extender.MALONYL: 'malonyl'>), Cycle(reduction=<ReductionState.KETO: 'keto'>, c_methyl=False, extender=<Extender.MALONYL: 'malonyl'>)), release=<Release.DIHYDROISOCOUMARIN: 'dihydroisocoumarin'>)"
BGC0001245,lasiodiplodin,17,unreachable,0,
BGC0001246,trans-resorcylide,16,unreachable,0,
BGC0001247,cercosporin,29,too_large,0,
BGC0001252,UNII-YC2Q1O94PT,19,unreachable,0,
BGC0001253,ACT-Toxin I,0,skip_element,0,
BGC0001254,ACT-Toxin II,0,skip_element,0,
BGC0001255,equisetin,0,skip_element,0,
BGC0001257,"1,3,6,8-tetrahydroxynaphthalene",10,unreachable,0,
BGC0001258,"1,3,6,8-tetrahydroxynaphthalene",10,unreachable,0,
BGC0001259,elsinochrome A,30,too_large,0,
BGC0001262,AK-toxin I,0,skip_element,0,
BGC0001264,betaenone A,21,too_large,0,
BGC0001265,melanin,0,skip_element,0,
BGC0001266,grayanic acid,23,too_large,0,
BGC0001268,fusarin C,0,skip_element,0,
BGC0001269,gibberellin A3,19,unreachable,0,
BGC0001270,gibberellin A7,19,unreachable,0,
BGC0001271,emericellin,25,too_large,0,
BGC0001272,elsinochrome B,30,too_large,0,
BGC0001273,asperlactone,9,unreachable,0,
BGC0001275,6-methylsalicyclic acid,8,reachable,1,"Program(starter='acetyl', cycles=(Cycle(reduction=<ReductionState.KETO: 'keto'>, c_methyl=False, extender=<Extender.MALONYL: 'malonyl'>), Cycle(reduction=<ReductionState.KR: 'kr'>, c_methyl=False, extender=<Extender.MALONYL: 'malonyl'>), Cycle(reduction=<ReductionState.KETO: 'keto'>, c_methyl=False, extender=<Extender.MALONYL: 'malonyl'>)), release=<Release.ALDOL_AROMATIC: 'aldol_aromatic'>)"
BGC0001276,6-methylsalicyclic acid,8,reachable,1,"Program(starter='acetyl', cycles=(Cycle(reduction=<ReductionState.KETO: 'keto'>, c_methyl=False, extender=<Extender.MALONYL: 'malonyl'>), Cycle(reduction=<ReductionState.KR: 'kr'>, c_methyl=False, extender=<Extender.MALONYL: 'malonyl'>), Cycle(reduction=<ReductionState.KETO: 'keto'>, c_methyl=False, extender=<Extender.MALONYL: 'malonyl'>)), release=<Release.ALDOL_AROMATIC: 'aldol_aromatic'>)"
BGC0001280,betaenone C,21,too_large,0,
BGC0001281,ustilagic acid,36,too_large,0,
BGC0001304,aflavarin,24,too_large,0,
BGC0001305,fujikurin B,12,unreachable,0,
BGC0001309,usnic acid,18,unreachable,0,
BGC0001338,citrinin,13,unreachable,0,
BGC0001339,squalestatin S1,35,too_large,0,
BGC0001340,byssochlamic acid,18,unreachable,0,
BGC0001358,leucinostatin A,0,skip_element,0,
BGC0001360,mycophenolic acid,0,skip_element,0,
BGC0001373,sordarin,27,too_large,0,
BGC0001385,byssochlamic acid,18,unreachable,0,
BGC0001390,LL-Z1272beta,23,too_large,0,
BGC0001400,citreoviridin,23,too_large,0,
BGC0001401,melleolide F,23,too_large,0,
BGC0001403,trypacidin,18,unreachable,0,
BGC0001404,sorbicillin,14,unreachable,0,
BGC0001405,chaetoviridin E,0,skip_element,0,
BGC0001445,leporin B,0,skip_element,0,
BGC0001446,asparasone A,18,unreachable,0,
BGC0001449,ucs1025a,0,skip_element,0,
BGC0001450,macrophorin A,22,too_large,0,
BGC0001466,wortmanamide,0,skip_element,0,
BGC0001489,6-hydroxymellein,10,reachable,1,"Program(starter='acetyl', cycles=(Cycle(reduction=<ReductionState.KR: 'kr'>, c_methyl=False, extender=<Extender.MALONYL: 'malonyl'>), Cycle(reduction=<ReductionState.KETO: 'keto'>, c_methyl=False, extender=<Extender.MALONYL: 'malonyl'>), Cycle(reduction=<ReductionState.KETO: 'keto'>, c_methyl=False, extender=<Extender.MALONYL: 'malonyl'>), Cycle(reduction=<ReductionState.KETO: 'keto'>, c_methyl=False, extender=<Extender.MALONYL: 'malonyl'>)), release=<Release.DIHYDROISOCOUMARIN: 'dihydroisocoumarin'>)"
BGC0001508,andrastin A,28,too_large,0,
BGC0001541,cercosporin,29,too_large,0,
BGC0001542,cercosporin,29,too_large,0,
BGC0001544,chlorflavonin,0,skip_element,0,
BGC0001557,cornexistin,16,unreachable,0,
BGC0001563,curvupallide-B,0,skip_element,0,
BGC0001578,duclauxin,29,too_large,0,
BGC0001600,fusarielin H,25,too_large,0,
BGC0001606,gibepyrone-A,10,unreachable,0,
BGC0001616,himeic acid A,0,skip_element,0,
BGC0001626,isoindolinone,0,skip_element,0,
BGC0001677,mycophenolic acid,17,unreachable,0,
BGC0001708,novofumigatonin,25,too_large,0,
BGC0001720,oosporein,14,unreachable,0,
BGC0001722,aspernidine A,0,skip_element,0,
BGC0001729,paraherquonin,24,too_large,0,
BGC0001738,phomasetin,0,skip_element,0,
BGC0001741,phyllostictine A,0,skip_element,0,
BGC0001749,epipyriculol,14,unreachable,0,
BGC0001793,swainsonine,0,skip_element,0,
BGC0001794,swainsonine,0,skip_element,0,
BGC0001827,xenovulene A,22,too_large,0,
BGC0001857,burnettramic acid A,0,skip_element,0,
BGC0001865,elsinochrome C,30,too_large,0,
BGC0001866,viriditoxin,34,too_large,0,
BGC0001874,α-cyclopiazonic acid,0,skip_element,0,
BGC0001881,pyrichalasin H,0,skip_element,0,
BGC0001886,Secalonic acid B,32,too_large,0,
BGC0001899,abscisic acid,15,unreachable,0,
BGC0001906,"2-acetyl-1,3,6,8-tetrahydroxynaphthalene",12,unreachable,0,
BGC0001909,strobilurin A,16,unreachable,0,
BGC0001913,phomoidride,31,too_large,0,
BGC0001923,ascochlorin,0,skip_element,0,
BGC0001926,chrodrimanin B,25,too_large,0,
BGC0001966,BII-rafflesfungin,0,skip_element,0,
BGC0001982,pyrichalasin H,0,skip_element,0,
BGC0001988,neosartorin,34,too_large,0,
BGC0002030,viriditoxin,34,too_large,0,
BGC0002035,ilicicolin H,0,skip_element,0,
BGC0002062,agnestin A,15,unreachable,0,
BGC0002063,cryptosporioptide B,38,too_large,0,
BGC0002065,strobilurin A,16,unreachable,0,
BGC0002066,harzianopyridone,0,skip_element,0,
BGC0002067,atpenin B,0,skip_element,0,
BGC0002093,ilicicolin H,0,skip_element,0,
BGC0002139,burnettiene A,32,too_large,0,
BGC0002154,"1,3,5,8-tetrahydroxynapthalene",10,unreachable,0,
BGC0002155,nectriapyrone C,11,unreachable,0,
BGC0002158,tenuazonic acid,0,skip_element,0,
BGC0002161,scytalone,10,unreachable,0,
BGC0002165,betaenone C,21,too_large,0,
BGC0002168,decumbenone a,16,unreachable,0,
BGC0002169,acurin A,0,skip_element,0,
BGC0002170,4-methyl-5-dimethyltetradecahexaene-β-ketolactone,22,too_large,0,
BGC0002171,pyrophen,0,skip_element,0,
BGC0002175,YWA1,14,unreachable,0,
BGC0002177,ustilaginoidin N,29,too_large,0,
BGC0002180,(+)-asperlin,10,unreachable,0,
BGC0002185,gregatin A,16,unreachable,0,
BGC0002186,fusaristatin A,0,skip_element,0,
BGC0002187,monorden D,0,skip_element,0,
BGC0002188,W493 B,0,skip_element,0,
BGC0002190,sorbicillin,14,unreachable,0,
BGC0002191,prolipyrone B,10,unreachable,0,
BGC0002192,FR901512,21,too_large,0,
BGC0002194,epipyrone A,34,too_large,0,
BGC0002197,terrestric acid,11,unreachable,0,
BGC0002200,aurovertin E,23,too_large,0,
BGC0002203,beauverolide Ba,0,skip_element,0,
BGC0002204,flavichalasine F,0,skip_element,0,
BGC0002205,phomacin D,0,skip_element,0,
BGC0002206,harziphilone,15,unreachable,0,
BGC0002209,ustethylin A,11,unreachable,0,
BGC0002210,pyranoviolin A,0,skip_element,0,
BGC0002212,Orsellinic acid,8,reachable,1,"Program(starter='acetyl', cycles=(Cycle(reduction=<ReductionState.KETO: 'keto'>, c_methyl=False, extender=<Extender.MALONYL: 'malonyl'>), Cycle(reduction=<ReductionState.KETO: 'keto'>, c_methyl=False, extender=<Extender.MALONYL: 'malonyl'>), Cycle(reduction=<ReductionState.KETO: 'keto'>, c_methyl=False, extender=<Extender.MALONYL: 'malonyl'>)), release=<Release.ALDOL_AROMATIC: 'aldol_aromatic'>)"
BGC0002214,methyl (2S)-4-methyl-2-(octanoylamino)pentanoate,0,skip_element,0,
BGC0002222,zopfiellin,21,too_large,0,
BGC0002223,scytalidin,22,too_large,0,
BGC0002224,zopfiellin,21,too_large,0,
BGC0002229,aculin A,0,skip_element,0,
BGC0002230,tolypyridone C,0,skip_element,0,
BGC0002231,fusaric acid,0,skip_element,0,
BGC0002233,trichoxide,18,unreachable,0,
BGC0002234,flavoglaucin,19,unreachable,0,
BGC0002235,"12,13-dihydroxymagnaporthepyrone",16,unreachable,0,
BGC0002236,8-methyldiaporthin,14,unreachable,0,
BGC0002237,dichlorodiaporthin,0,skip_element,0,
BGC0002238,"2,4'-dihydroxy-3'-methoxypropiophenone",10,unreachable,0,
BGC0002239,pyrrocidine A,0,skip_element,0,
BGC0002240,BAB,12,reachable,1,"Program(starter='acetyl', cycles=(Cycle(reduction=<ReductionState.DH: 'dh'>, c_methyl=False, extender=<Extender.MALONYL: 'malonyl'>), Cycle(reduction=<ReductionState.KR: 'kr'>, c_methyl=False, extender=<Extender.MALONYL: 'malonyl'>), Cycle(reduction=<ReductionState.DH: 'dh'>, c_methyl=False, extender=<Extender.MALONYL: 'malonyl'>), Cycle(reduction=<ReductionState.DH: 'dh'>, c_methyl=False, extender=<Extender.MALONYL: 'malonyl'>), Cycle(reduction=<ReductionState.DH: 'dh'>, c_methyl=False, extender=<Extender.MALONYL: 'malonyl'>)), release=<Release.HYDROLYSIS: 'hydrolysis'>)"
BGC0002241,ywa1,14,unreachable,0,
BGC0002243,biruloquinone,17,unreachable,0,
BGC0002244,pestalotiollide B,21,too_large,0,
BGC0002247,chaetoconvosins B,0,skip_element,0,
BGC0002249,phaeospelide A,34,too_large,0,
BGC0002250,triticone A,0,skip_element,0,
BGC0002253,waikikiamide A,0,skip_element,0,
BGC0002254,notoamide F,0,skip_element,0,
BGC0002255,lijiquinone,23,too_large,0,
BGC0002257,rufoschweinitzin,30,too_large,0,
BGC0002258,shimalactone A,29,too_large,0,
BGC0002259,beauveriolide I,0,skip_element,0,
BGC0002261,lucilactaene,0,skip_element,0,
BGC0002262,sporothriolide,13,unreachable,0,
BGC0002263,spiromarmycin,19,unreachable,0,
BGC0002265,atranorin,19,unreachable,0,
BGC0002266,calidoustene A,21,too_large,0,
BGC0002268,"CJ-16,173",0,skip_element,0,
BGC0002269,MCA17-1,0,skip_element,0,
BGC0002270,swainsonine,0,skip_element,0,
BGC0002275,pyrophen,0,skip_element,0,
BGC0002281,sambutoxin,0,skip_element,0,
BGC0002304,varicidin A,0,skip_element,0,
BGC0002375,cladosporiumin I,0,skip_element,0,
BGC0002427,subglutinol A,27,too_large,0,
BGC0002428,FDDP-D,29,too_large,0,
BGC0002429,higginsianin B,27,too_large,0,
BGC0002483,usnic acid,18,unreachable,0,
BGC0002502,fumonisin B3,0,skip_element,0,
BGC0002505,xenoacremone A,0,skip_element,0,
BGC0002507,sporandol,28,too_large,0,
BGC0002511,biruloquinone,17,unreachable,0,
BGC0002513,6-methylcristazarin,14,unreachable,0,
BGC0002515,solanapyrone A,18,unreachable,0,
BGC0002516,prephenalenone,14,unreachable,0,
BGC0002525,fusarubin,15,unreachable,0,
BGC0002537,emeridone F,25,too_large,0,
BGC0002538,chaetolivacine A,0,skip_element,0,
BGC0002546,cytoglobosin X,0,skip_element,0,
BGC0002555,emerimicin V,0,skip_element,0,
BGC0002592,geodin,0,skip_element,0,
BGC0002593,lecanoric acid,16,unreachable,0,
BGC0002594,orcinol,7,unreachable,0,
BGC0002595,orsellinic acid,8,reachable,1,"Program(starter='acetyl', cycles=(Cycle(reduction=<ReductionState.KETO: 'keto'>, c_methyl=False, extender=<Extender.MALONYL: 'malonyl'>), Cycle(reduction=<ReductionState.KETO: 'keto'>, c_methyl=False, extender=<Extender.MALONYL: 'malonyl'>), Cycle(reduction=<ReductionState.KETO: 'keto'>, c_methyl=False, extender=<Extender.MALONYL: 'malonyl'>)), release=<Release.ALDOL_AROMATIC: 'aldol_aromatic'>)"
BGC0002596,lecanoric acid,16,unreachable,0,
BGC0002598,ochratoxin A,0,skip_element,0,
BGC0002603,chevalone E,26,too_large,0,
BGC0002604,sartorypyrone A,28,too_large,0,
BGC0002605,ochratoxin A,0,skip_element,0,
BGC0002606,ochratoxin A,0,skip_element,0,
BGC0002607,ochratoxin A,0,skip_element,0,
BGC0002608,ochratoxin A,0,skip_element,0,
BGC0002609,ochratoxin A,0,skip_element,0,
BGC0002614,subglutinol A,27,too_large,0,
BGC0002616,mycophenolic acid,17,unreachable,0,
BGC0002619,mycophenolic acid,17,unreachable,0,
BGC0002709,aurofusarin,30,too_large,0,
BGC0002731,nanangenine A,15,unreachable,0,
BGC0002745,verrucosidin,24,too_large,0,
BGC0002749,aspcandine,0,skip_element,0,
BGC0002758,Azanidulone,11,unreachable,0,
BGC0002759,brevione E,28,too_large,0,
BGC0002812,Colletochlorin A,0,skip_element,0,
BGC0002845,Sartorypyrone A,28,too_large,0,
BGC0002847,olivetolic acid,12,reachable,1,"Program(starter='acetyl', cycles=(Cycle(reduction=<ReductionState.ER: 'er'>, c_methyl=False, extender=<Extender.MALONYL: 'malonyl'>), Cycle(reduction=<ReductionState.ER: 'er'>, c_methyl=False, extender=<Extender.MALONYL: 'malonyl'>), Cycle(reduction=<ReductionState.KETO: 'keto'>, c_methyl=False, extender=<Extender.MALONYL: 'malonyl'>), Cycle(reduction=<ReductionState.KETO: 'keto'>, c_methyl=False, extender=<Extender.MALONYL: 'malonyl'>), Cycle(reduction=<ReductionState.KETO: 'keto'>, c_methyl=False, extender=<Extender.MALONYL: 'malonyl'>)), release=<Release.ALDOL_AROMATIC: 'aldol_aromatic'>)"
BGC0002848,CJ-20557,19,unreachable,0,
BGC0002849,Luteodienoside A,23,too_large,0,
BGC0002852,"3,6-dialkyl-α-pyrone",10,unreachable,0,
BGC0002864,Mollicellin Z ,21,too_large,0,
BGC0002867,chlorogeumsanol B,0,skip_element,0,
BGC0002872,Zaragozic acid A,35,too_large,0,
BGC0002874,cristazarin,13,unreachable,0,
BGC0002877,Cordypyrone A,22,too_large,0,
BGC0002883,biruloquinone,17,unreachable,0,
BGC0002887,radicicol,0,skip_element,0,
BGC0002891,arthripenoid C,30,too_large,0,
BGC0002904,fumonisin B2,0,skip_element,0,
BGC0002911,naringenin,15,unreachable,0,
BGC0002930,6'-O-demethyl-dihydroaustalide K,24,too_large,0,
BGC0002936,Gyrophoric acid,24,too_large,0,
BGC0002953,11'-O-desmethyl fendlerol,26,too_large,0,
BGC0002966,luteodienoside A,23,too_large,0,
BGC0002970,xylariolide D,10,unreachable,0,
BGC0002971,Fugralin A,12,unreachable,0,
BGC0002980,sphingofungin B,0,skip_element,0,
BGC0002984,Brefeldin A,16,unreachable,0,
BGC0002987,scirpilin A,26,too_large,0,
BGC0002993,Oxopyrrolidine A,0,skip_element,0,
BGC0002998,ilicicolinal,0,skip_element,0,
BGC0002999,(2S)-annullatin A,17,unreachable,0,
BGC0003006,Rasfonin,25,too_large,0,
BGC0003011,Eupenifeldin,33,too_large,0,
BGC0003013,agonodepside A,23,too_large,0,
BGC0003017,Macrollin A,0,skip_element,0,
BGC0003018,sclerotiorin,0,skip_element,0,
BGC0003028,Terrestric acid,11,unreachable,0,
BGC0003032,soppiline A,21,too_large,0,
BGC0003093,Phomoxanthone A,38,too_large,0,
BGC0003094,Roseopurpurin C,18,unreachable,0,
BGC0003099,"7-But-15-enyl-6,8-dihydroxy-3(R)-pent-11-enylisochroman-1-one",18,unreachable,0,
BGC0003108,pycnidione,33,too_large,0,
BGC0003109,stachysalicyloid C,16,unreachable,0,
BGC0003113,multiformin A,24,too_large,0,
BGC0003115,orsellinoxypropanoic acid,11,unreachable,0,
BGC0003118,Multiforisin H,13,unreachable,0,
BGC0003120,Minutellin A,27,too_large,0,
BGC0003126,kotanin,24,too_large,0,
BGC0003142,FDDP D,29,too_large,0,
BGC0003144,Physodic acid,26,too_large,0,
BGC0003145,macrophasetin A,0,skip_element,0,
BGC0003147,Taslactam C,0,skip_element,0,
BGC0003149,Taslactam D,0,skip_element,0,
BGC0003150,Ascochitine,15,unreachable,0,
BGC0003151,Annullatin D,17,unreachable,0,
BGC0003154,cyclopiazonic acid,0,skip_element,0,
