axis,kind,example_instances,n_designs_manifold,class_tier,curated_tier,demonstrated,system,precedent_refs,confidence,notes,sourcing_status
control,reduction,cyc1 dh->er; cyc1 dh->keto; cyc1 dh->kr; cyc1 keto->dh; cyc1 keto->er; cyc1 keto->kr; cyc1 kr->dh; cyc1 kr->er ...,49,PLAUSIBLE,PLAUSIBLE,partial,tenellin/DMB HR-PKS (fungal iterative),Fisch2011 JACS 133:16635 (10.1021/ja206914q); Cox2023 NPR 40:9-27 (10.1039/D2NP00007E),med,frontier; single-edit plausible (Fisch2011 clean swap) but general reprogramming unsolved (Cox2023) => SUPER-ADDITIVE control stacking,curated
control,cycle_add,+cyc4; +cyc5; +cyc6,20,PLAUSIBLE,PLAUSIBLE,partial,HR-PKS + partner thiohydrolase,ChemSci2019 (10.1039/C9SC03173A); ACSChemBiol2014 (10.1021/cb500284t); Cox2023 NPR 40:9,low,chain length partly set by EXTRINSIC partner; chain-length control listed unsolved (Cox2023),curated
control,c_methyl,cyc1 +C-MeT; cyc2 +C-MeT; cyc3 +C-MeT; cyc4 +C-MeT; cyc5 +C-MeT,19,PLAUSIBLE,PLAUSIBLE,partial,tenellin/DMB HR-PKS (fungal iterative),Fisch2011 JACS 133:16635; ChemSci2019 (10.1039/C9SC03173A),med,methylation-PATTERN reprogramming of a PRESENT C-MeT mapped to swaps (Fisch2011); emergent (Cox2023),curated
control,cycle_remove,-cyc3; -cyc4; -cyc5,5,PLAUSIBLE,SPECULATIVE,partial,HR-PKS (fungal iterative),ChemSci2019 (10.1039/C9SC03173A); Cox2023 NPR 40:9,low,Call4: changes the program termination count = deep iteration editing; least precedented => raised PLAUSIBLE->SPECULATIVE,curated
structural,add_reductive,+DH; +ER; +KR,22,DOCUMENTED,DOCUMENTED,yes,DEBS + modular reductive-loop swaps,PMID18937219 (reductive-loop polylinker swaps); jacs.5c06736 (44 KR exchanges); PMC10402262,high,Call1 split from add_domain: reductive loop (KR/KR-DH/KR-DH-ER) swaps mostly active as a unit (modular); mature precedent,curated
structural,add_cmt,+CMT,19,DOCUMENTED,SPECULATIVE,no,de-novo insertion: no precedent,PMC6839510 (methylation = reprogramming a PRESENT C-MeT not insertion); Fisch2011 JACS 133:16635,high,Call1 split from add_domain: de-novo C-MeT insertion into a methylation-free synthase is unprecedented (verified at source) => raised DOCUMENTED->SPECULATIVE,curated
structural,extender,AT extender swap,19,DOCUMENTED,DOCUMENTED,yes,DEBS erythromycin PKS (modular),AT review Antibiotics2018 (PMC6164871); jacs.2c11027 (AT exchange); PMID12720450 (mechanism); s42004-024-01269-1 (MAT tool),high,canonical AT swap (malonyl<->methylmalonyl; YASH<->HAFH motif); hybrids active but elongation attenuated => yield penalty,curated
structural,release,aldol_aromatic->dihydroisocoumarin; aldol_aromatic->hydrolysis; aldol_aromatic->lactonization; dihydroisocoumarin->aldol_aromatic; dihydroisocoumarin->hydrolysis; dihydroisocoumarin->lactonization; hydrolysis->aldol_aromatic; hydrolysis->dihydroisocoumarin ...,15,SPECULATIVE,PLAUSIBLE,partial,pikromycin/DEBS TE + fungal NR-PKS TE/CLC,PMID16969372 (pikromycin TE); 10.1073/pnas.011399198 (DEBS TE); PMC3780601 (NR-PKS TE gates); 10.1073/pnas.0913531107 (aflatoxin TE),med,Call3: enzymatically a TE/cyclase DOMAIN SWAP = structural (bacterial canon) NOT iteration frontier => demoted SPECULATIVE->PLAUSIBLE; cyclization-mode change still imperfect,curated
structural,starter,acetyl->butyryl; acetyl->hexanoyl; acetyl->propionyl,15,DOCUMENTED,DOCUMENTED,yes,DEBS/avermectin loading (modular),Science1997 277:367 (10.1126/science.277.5324.367); PMID9422686 (broad loading); PMID11918808 (starter specificity),high,loading-module swap + precursor-directed biosynthesis well established; downstream machinery tolerant,curated
